IDPLAN,TIPO,COSTO,DESCUENTOALOJAMIENTO,FECHAVENCIMIENTO
1,"Toy, Olson and Pacocha",77780,18,12/09/2025
2,Miller and Sons,33587,9,17/08/2025
3,"Tillman, Jakubowski and Schuppe",93228,76,12/10/2025
4,"Schumm, Hayes and Carroll",60614,15,11/07/2025
5,Swift-Mosciski,76882,32,27/10/2025
6,Williamson-Rath,89279,24,14/03/2025
7,"Hermiston, Spencer and Heathcote",93818,7,24/06/2025
8,"Yost, Feest and Boyer",98342,43,11/03/2025
9,Rempel LLC,95705,93,15/05/2025
10,"Schmeler, Simonis and Toy",28728,80,13/04/2025
11,Wyman Inc,3834,18,07/12/2025
12,"Steuber, Quitzon and Nitzsche",73710,83,08/04/2025
13,Kiehn-Ortiz,53423,73,18/05/2025
14,Klein and Sons,16281,46,03/09/2025
15,"Hills, Harvey and Cassin",76287,53,13/07/2025
16,Stehr-Mueller,85712,10,08/09/2025
17,Kuhn-Barrows,47421,63,16/07/2025
18,"Donnelly, Miller and Mitchell",66401,4,02/12/2025
19,Maggio and Sons,39506,95,10/08/2025
20,"Bogisich, Pacocha and Keeling",43596,34,13/01/2025
21,"Wyman, Koss and Hauck",75539,85,07/06/2025
22,Nitzsche-Cronin,76630,23,10/09/2025
23,"Jast, Schimmel and Collier",81269,55,12/10/2025
24,Fisher Group,58467,56,17/09/2025
25,"Botsford, Wolff and Kuhic",60903,19,02/04/2025
26,Murray-Swaniawski,88221,13,20/04/2025
27,Hand-Hane,82526,49,04/08/2025
28,Turner-Dickens,99142,58,20/02/2025
29,"Thompson, Labadie and Metz",19147,38,11/11/2025
30,"Gorczany, Hermann and Dickens",83145,100,03/12/2025
31,Prosacco-Green,76131,71,20/12/2025
32,Lueilwitz Inc,75961,11,29/01/2025
33,Gaylord-Medhurst,67819,64,15/11/2025
34,"Welch, Luettgen and Breitenberg",49652,15,18/01/2025
35,"Brakus, Nicolas and Runte",77807,24,06/05/2025
36,Eichmann-Baumbach,43491,20,18/05/2025
37,Ferry-Kutch,20124,69,27/06/2025
38,O'Keefe-Leannon,48533,74,23/01/2025
39,"Lebsack, Schaden and Lubowitz",8705,50,04/12/2025
40,Lang LLC,92616,99,09/07/2025
41,Orn-Ullrich,71087,76,12/04/2025
42,"Cole, Bode and Parker",48913,66,30/12/2025
43,"Blick, Ebert and Trantow",73569,25,04/08/2025
44,"Abshire, Quitzon and Collier",94825,34,11/09/2025
45,Feil-Ebert,36547,42,05/05/2025
46,Little Group,75398,98,07/12/2025
47,"Beer, Treutel and Terry",42274,12,22/04/2025
48,Johns-Doyle,70986,22,28/02/2025
49,Schimmel Inc,58523,66,06/08/2025
50,Sanford-White,10410,76,06/05/2025
51,Lindgren and Sons,84222,29,09/04/2025
52,Wintheiser LLC,63090,18,14/09/2025
53,Bechtelar Group,14869,40,24/09/2025
54,Beatty Inc,43346,54,15/05/2025
55,"Fritsch, Hilpert and Rosenbaum",30290,62,22/11/2025
56,Bartoletti Inc,37964,7,10/05/2025
57,Padberg-Kuhlman,37126,53,17/11/2025
58,Padberg LLC,36462,17,17/03/2025
59,"Legros, Treutel and Kshlerin",34511,81,30/09/2025
60,Abshire-Toy,55373,95,22/12/2025
61,Mills-Kuphal,4276,13,12/09/2025
62,"West, Lockman and Hills",60127,92,23/08/2025
63,Hahn Group,85834,94,08/05/2025
64,"Jacobs, Cummings and Becker",65251,37,16/04/2025
65,Witting-Hirthe,68974,83,24/01/2025
66,"Hermann, Bernhard and Marks",76788,12,04/06/2025
67,Lindgren Group,68408,94,02/08/2025
68,Howe-Robel,5371,95,10/07/2025
69,Steuber Inc,73575,15,29/04/2025
70,Cormier and Sons,4653,95,07/01/2025
71,Shields-Reynolds,62932,24,20/05/2025
72,Batz-Harber,52739,19,27/09/2025
73,Homenick and Sons,71221,17,05/06/2025
74,"Cummings, Waters and Will",73472,5,24/10/2025
75,"Turner, Lindgren and Ankunding",12170,27,13/02/2025
76,"Durgan, Rippin and Wunsch",76441,77,23/05/2025
77,"Considine, Stehr and Lemke",46271,26,12/02/2025
78,"Larkin, Nitzsche and Sawayn",51434,63,04/09/2025
79,Ortiz LLC,53410,76,30/03/2025
80,Bahringer-Emmerich,88777,57,24/02/2025
81,"Herzog, Jaskolski and Lindgren",16493,42,21/03/2025
82,Hintz Inc,50659,56,20/05/2025
83,Gerhold-Rice,38112,75,15/12/2025
84,Barrows-Wilkinson,62464,99,22/10/2025
85,"Waters, Schowalter and Barrows",72198,6,11/07/2025
86,Heaney-Kulas,95016,46,14/11/2025
87,Denesik Inc,86972,18,06/09/2025
88,Gorczany LLC,48944,75,14/02/2025
89,Osinski LLC,25395,57,02/08/2025
90,Boehm-Fay,37307,77,09/01/2025
91,"Cruickshank, Klocko and Smitham",37094,6,11/02/2025
92,Heidenreich-Stokes,62897,65,28/08/2025
93,Smith-Olson,61668,79,06/05/2025
94,"Fisher, Gerlach and Conroy",31769,19,14/01/2025
95,Larkin LLC,4212,14,01/11/2025
96,Hickle and Sons,94286,46,12/12/2025
97,Okuneva LLC,19731,39,03/09/2025
98,Hartmann Group,43601,68,14/11/2025
99,Torp-Stehr,87850,47,30/09/2025
100,Bayer and Sons,36521,17,26/02/2025
101,O'Keefe Group,87699,87,31/10/2025
102,"Kessler, Brakus and Kub",14829,34,17/10/2025
103,Emmerich and Sons,78045,41,20/05/2025
104,Romaguera LLC,99236,8,02/02/2025
105,Klocko Inc,43257,5,01/11/2025
106,Armstrong Inc,89247,24,16/06/2025
107,Pacocha Group,9560,33,28/10/2025
108,Cummerata Inc,31146,66,28/02/2025
109,Muller and Sons,48145,61,15/03/2025
110,Kessler-Lindgren,51608,83,19/10/2025
111,"Dach, Hills and Gutmann",46502,97,06/07/2025
112,Price-Rohan,82156,99,06/01/2025
113,"Sanford, Runolfsson and Harvey",11750,2,04/08/2025
114,Little Group,30066,72,07/02/2025
115,Dooley-Batz,21149,42,22/09/2025
116,Gottlieb and Sons,92815,69,31/07/2025
117,O'Connell and Sons,36629,89,29/08/2025
118,Ruecker LLC,82663,73,24/01/2025
119,Kuphal Group,50299,75,19/10/2025
120,O'Hara-Rodriguez,33250,23,20/08/2025
121,"Crona, Lockman and McKenzie",2055,16,24/02/2025
122,Hessel-Ankunding,60885,55,28/03/2025
123,Kilback and Sons,35508,84,07/09/2025
124,Pacocha Group,49101,12,20/05/2025
125,Jenkins Inc,12020,4,15/12/2025
126,Brown and Sons,31928,81,29/01/2025
127,Stiedemann Inc,594,45,12/12/2025
128,"Steuber, Buckridge and Homenick",5973,65,23/05/2025
129,"Lesch, Kessler and Krajcik",43980,5,29/10/2025
130,Crona-Ziemann,39517,60,02/03/2025
131,Kuhlman-Stamm,76073,81,26/12/2025
132,Runolfsdottir and Sons,7432,47,12/08/2025
133,Okuneva Group,27821,47,25/08/2025
134,Padberg Group,96961,42,11/09/2025
135,"White, Rath and Ledner",6822,67,02/10/2025
136,Collins-Collins,37021,70,29/12/2025
137,"Pfeffer, Zboncak and Legros",43331,91,25/08/2025
138,"Kris, Farrell and Kirlin",77720,21,21/04/2025
139,Gorczany-Olson,61287,47,26/04/2025
140,Christiansen-Hilll,69661,54,16/02/2025
141,Bosco-Boyer,98165,44,29/01/2025
142,Abshire LLC,25859,28,05/12/2025
143,Kulas-Tromp,76596,34,04/03/2025
144,"Zemlak, Russel and Hessel",27360,65,24/02/2025
145,McLaughlin-Huels,49103,36,23/08/2025
146,Wintheiser-Marvin,72647,15,28/04/2025
147,"Heathcote, Gislason and Cremin",5533,91,05/10/2025
148,"Strosin, Rodriguez and Morar",95609,81,15/04/2025
149,Nicolas-Stokes,88574,68,30/08/2025
150,Romaguera-Waters,36626,6,23/12/2025
151,Raynor-McCullough,11527,46,16/01/2025
152,Heidenreich-Heaney,36374,79,22/12/2025
153,Conroy-Kerluke,4454,14,11/01/2025
154,Hoeger and Sons,82509,21,20/05/2025
155,Weber-Emmerich,32315,18,11/06/2025
156,Murazik-Mueller,54458,68,04/09/2025
157,Feil LLC,39809,81,24/03/2025
158,Moen Group,51078,6,25/07/2025
159,"Torp, Kautzer and Lockman",64016,21,15/01/2025
160,Skiles LLC,29586,79,30/03/2025
161,Haag-Hahn,45856,65,22/09/2025
162,Kris-Ernser,61813,13,21/05/2025
163,"Stehr, Ebert and Hettinger",55979,41,05/03/2025
164,Cassin Group,20616,69,21/03/2025
165,"O'Connell, Effertz and Rolfson",62609,25,29/12/2025
166,Ward-Ziemann,40994,66,31/05/2025
167,Casper-Hermann,19585,44,14/04/2025
168,Bergstrom LLC,5914,38,09/03/2025
169,"Bailey, Bruen and Bode",14481,10,01/05/2025
170,Funk Inc,39824,19,02/09/2025
171,Johnson LLC,16902,39,10/05/2025
172,"Towne, Murphy and Fay",44649,54,05/02/2025
173,Eichmann-Okuneva,94761,27,05/02/2025
174,"Labadie, Ortiz and Strosin",11316,27,12/01/2025
175,"Schinner, Beatty and Rippin",89530,7,27/05/2025
176,"Fay, Jaskolski and O'Conner",95319,34,04/08/2025
177,Tremblay Group,71762,2,14/03/2025
178,Kozey Inc,57559,80,12/10/2025
179,"Emard, Cartwright and Ondricka",67961,11,14/05/2025
180,"Morar, Bosco and Will",94058,11,15/12/2025
181,Smitham-Stracke,98188,73,07/06/2025
182,"Ankunding, Kutch and Vandervort",78374,0,03/09/2025
183,Kihn-Corwin,71258,86,27/03/2025
184,"Howe, Reichel and Dicki",27069,75,07/07/2025
185,Stiedemann-Jerde,20904,72,09/04/2025
186,Cartwright and Sons,22211,20,03/03/2025
187,Raynor-Hirthe,66730,47,27/11/2025
188,"Keebler, Kiehn and Jacobs",70037,36,09/03/2025
189,Heathcote-Kreiger,84759,70,06/05/2025
190,Ebert Group,30402,69,17/09/2025
191,"Welch, Roob and Bailey",55772,53,17/11/2025
192,"Pollich, Waelchi and Mraz",16547,52,10/06/2025
193,Sporer-Spinka,26605,65,15/06/2025
194,"Abbott, Cassin and Feeney",54447,81,05/03/2025
195,Lehner-Crist,8925,73,30/03/2025
196,Reilly and Sons,96096,89,22/09/2025
197,Parker LLC,81573,54,08/05/2025
198,"Stracke, Wilkinson and Nitzsche",40338,29,16/11/2025
199,Roob and Sons,2365,15,07/01/2025
200,Reichel-Feil,93079,50,13/02/2025
201,"Marvin, MacGyver and Bailey",54457,13,07/02/2025
202,"O'Reilly, Labadie and Doyle",17693,72,20/10/2025
203,Torp LLC,97740,79,10/01/2025
204,Howe-Spinka,84232,51,04/11/2025
205,Barrows and Sons,2515,64,03/01/2025
206,Johns-Smitham,49939,10,27/02/2025
207,Watsica-Gaylord,46757,33,28/09/2025
208,Walter Inc,98954,86,01/10/2025
209,"Thiel, Kshlerin and Jacobi",65277,2,05/12/2025
210,Rosenbaum-Hayes,6459,45,28/05/2025
211,Torp-Torphy,46793,35,06/06/2025
212,Schowalter Group,12844,97,10/03/2025
213,"Runte, Hamill and Leffler",9250,50,11/07/2025
214,Hauck Group,40314,73,02/06/2025
215,Lebsack-DuBuque,2787,28,13/10/2025
216,Greenfelder LLC,75847,8,11/11/2025
217,"Bode, Beer and Medhurst",12929,5,03/09/2025
218,"Cronin, VonRueden and Cruickshank",16849,72,10/09/2025
219,Hoeger and Sons,34132,9,17/07/2025
220,Osinski-Schmeler,35834,71,12/04/2025
221,"Rolfson, Kshlerin and Hills",94536,43,20/06/2025
222,"Hauck, Hills and Klocko",48875,17,25/01/2025
223,Sauer-Hamill,78246,19,20/07/2025
224,Mitchell-Ruecker,19123,47,04/10/2025
225,"Friesen, Harber and Nicolas",61846,40,01/04/2025
226,Parker-Ernser,93039,48,30/10/2025
227,Casper-Ullrich,62190,83,11/01/2025
228,Prohaska-Rowe,58023,86,24/11/2025
229,Wunsch-Kautzer,53087,62,11/11/2025
230,Mueller Group,28790,24,01/07/2025
231,Abernathy LLC,78538,30,15/01/2025
232,"Schultz, Schultz and Mohr",374,3,10/04/2025
233,Mraz-Hirthe,87974,36,18/05/2025
234,Goodwin-Kiehn,27713,54,10/03/2025
235,Bogan-Glover,71984,24,09/11/2025
236,Nicolas-Mraz,55280,13,25/11/2025
237,"Krajcik, Huels and Steuber",24509,15,21/10/2025
238,Schultz-Willms,99444,61,02/12/2025
239,Nikolaus and Sons,90421,55,07/05/2025
240,"Cole, Waelchi and King",8861,59,16/10/2025
241,"Lang, Hodkiewicz and Purdy",24516,72,01/11/2025
242,"Fisher, Kunze and Runolfsdottir",83756,16,04/04/2025
243,Cronin LLC,82572,65,16/10/2025
244,Koch Group,62031,57,23/02/2025
245,"Farrell, Langworth and Nolan",12451,75,26/06/2025
246,"Hilpert, Stanton and Konopelski",61950,30,29/04/2025
247,Hickle-Schinner,15519,48,11/06/2025
248,Feest LLC,5580,23,29/04/2025
249,Mosciski and Sons,52184,52,15/01/2025
250,Bogisich Group,76673,53,29/06/2025
251,"Bogisich, Lind and Reichel",39912,64,23/01/2025
252,O'Reilly and Sons,81380,40,24/05/2025
253,Robel LLC,28080,14,14/02/2025
254,"Stamm, Aufderhar and McCullough",56949,17,09/08/2025
255,Wilderman Inc,64775,85,17/01/2025
256,"Abshire, Bernier and Douglas",3697,79,23/11/2025
257,Weber Group,19876,72,19/12/2025
258,Reichel LLC,55912,46,18/08/2025
259,"Gleason, Hermiston and Medhurst",93960,97,17/11/2025
260,Smitham-Smith,14106,30,24/07/2025
261,"Hermiston, Stroman and Schmitt",45132,59,09/09/2025
262,"Frami, Williamson and Watsica",55845,19,19/07/2025
263,"Lebsack, Homenick and Howe",85181,85,21/06/2025
264,"Effertz, Dickens and Rippin",10132,53,03/04/2025
265,"Fay, Ernser and Ondricka",66506,77,28/06/2025
266,"Stanton, Gottlieb and Ward",61024,54,08/04/2025
267,Deckow and Sons,87958,64,07/06/2025
268,"Littel, Wisoky and Beer",4375,43,21/08/2025
269,O'Conner-Marquardt,12347,61,22/02/2025
270,Wyman LLC,3091,24,28/02/2025
271,Tromp-Schmitt,79606,39,16/01/2025
272,Abernathy-Wehner,99314,76,04/03/2025
273,"Cole, Beatty and Ebert",31612,96,17/09/2025
274,Douglas LLC,84202,79,19/02/2025
275,"Koss, Rippin and Lynch",2523,41,25/12/2025
276,Luettgen and Sons,27295,99,04/11/2025
277,Pfannerstill and Sons,61022,16,30/11/2025
278,"Murazik, Greenfelder and Bode",17953,25,27/08/2025
279,Kulas and Sons,38574,91,15/11/2025
280,McDermott Inc,36559,20,11/03/2025
281,Schmitt-Reilly,41861,9,17/02/2025
282,"Jacobs, Jenkins and Sporer",9787,88,09/11/2025
283,Lynch-Heathcote,97310,22,16/06/2025
284,"Ratke, Hyatt and Walker",48274,9,01/03/2025
285,Kuhlman Group,28259,19,26/03/2025
286,Koch-Rice,63773,79,07/06/2025
287,"Grady, Haag and Braun",39195,32,22/01/2025
288,"Denesik, Reinger and Gerhold",3081,61,07/03/2025
289,"Considine, Herzog and Zemlak",95735,45,12/11/2025
290,"Bruen, Blick and Lubowitz",9566,49,15/11/2025
291,"Johnson, O'Kon and Wilderman",94897,72,16/12/2025
292,"Schneider, Hackett and McGlynn",23823,91,06/11/2025
293,Wyman-Kozey,97655,66,01/06/2025
294,Russel Inc,72477,29,18/07/2025
295,Rutherford-Huels,85833,53,07/08/2025
296,"Adams, Kutch and Becker",12639,46,27/08/2025
297,Mosciski-Collins,6956,20,15/06/2025
298,"Stracke, Shanahan and Bartell",40922,23,24/11/2025
299,VonRueden-Ryan,81535,44,01/07/2025
300,Kessler-Lockman,38185,42,27/09/2025
