NUMERODOCUMENTO,TIPODOCUMENTO,NOMBRE,CORREOELECTRONICO,IDTIPOUSUARIO
1000013000,CC,Florie Abeles,fabeles0@spotify.com,5
1000013001,CC,Karleen Bridger,kbridger1@seattletimes.com,5
1000013002,CC,Mab Covotti,mcovotti2@nyu.edu,5
1000013003,CC,Vlad Chilcott,vchilcott3@zdnet.com,5
1000013004,CC,Taddeusz Larderot,tlarderot4@baidu.com,5
1000013005,CC,Dynah Colleer,dcolleer5@jalbum.net,5
1000013006,CC,Genvieve Parish,gparish6@bing.com,5
1000013007,CC,Oralie Cotsford,ocotsford7@com.com,5
1000013008,CC,Hulda Verrall,hverrall8@unesco.org,5
1000013009,CC,Margalit Drabble,mdrabble9@ustream.tv,5
1000013010,CC,Ugo Cullington,ucullingtona@twitpic.com,5
1000013011,CC,Korie Yelland,kyellandb@xrea.com,5
1000013012,CC,Jenilee Blease,jbleasec@ed.gov,5
1000013013,CC,Dulcie Wedon,dwedond@psu.edu,5
1000013014,CC,Joli Rumens,jrumense@state.gov,5
1000013015,CC,Isiahi Breslane,ibreslanef@t.co,5
1000013016,CC,Cortney Lehrian,clehriang@timesonline.co.uk,5
1000013017,CC,Dixie Yarnell,dyarnellh@lulu.com,5
1000013018,CC,Suellen Treweke,strewekei@yolasite.com,5
1000013019,CC,Farlay Tuttle,ftuttlej@artisteer.com,5
1000013020,CC,Vincenz Gridley,vgridleyk@etsy.com,5
1000013021,CC,Celene Rumbellow,crumbellowl@boston.com,5
1000013022,CC,Aileen Vivers,aviversm@hostgator.com,5
1000013023,CC,Bil Dunsire,bdunsiren@odnoklassniki.ru,5
1000013024,CC,Ellary Goghin,egoghino@themeforest.net,5
1000013025,CC,Truda De Carolis,tdep@usatoday.com,5
1000013026,CC,Susannah Lochhead,slochheadq@photobucket.com,5
1000013027,CC,Elisabetta Whiteford,ewhitefordr@economist.com,5
1000013028,CC,Ealasaid Draycott,edraycotts@yolasite.com,5
1000013029,CC,Juieta Braidley,jbraidleyt@nbcnews.com,5
1000013030,CC,Frazer Brislen,fbrislenu@gizmodo.com,5
1000013031,CC,Kippie McRobbie,kmcrobbiev@merriam-webster.com,5
1000013032,CC,Forrest Audibert,faudibertw@skyrock.com,5
1000013033,CC,Gwen Wass,gwassx@yellowbook.com,5
1000013034,CC,Jordana Hurworth,jhurworthy@jalbum.net,5
1000013035,CC,Lark Bartosiak,lbartosiakz@addthis.com,5
1000013036,CC,Leon Czajkowski,lczajkowski10@weather.com,5
1000013037,CC,Bonni Hugnot,bhugnot11@hud.gov,5
1000013038,CC,Michell Maypes,mmaypes12@soup.io,5
1000013039,CC,Melissa Gettins,mgettins13@biblegateway.com,5
1000013040,CC,Chadd Becket,cbecket14@indiegogo.com,5
1000013041,CC,Pincas Francello,pfrancello15@washingtonpost.com,5
1000013042,CC,Hazel Caroli,hcaroli16@so-net.ne.jp,5
1000013043,CC,Leonerd Parkes,lparkes17@walmart.com,5
1000013044,CC,Tannie Pinxton,tpinxton18@ebay.co.uk,5
1000013045,CC,Jennee Whorall,jwhorall19@ow.ly,5
1000013046,CC,Viviyan Mation,vmation1a@tuttocitta.it,5
1000013047,CC,Forester Arkill,farkill1b@stanford.edu,5
1000013048,CC,Raine Chatenet,rchatenet1c@buzzfeed.com,5
1000013049,CC,Florette Criag,fcriag1d@naver.com,5
1000013050,CC,Cletus Jedrychowski,cjedrychowski1e@soundcloud.com,5
1000013051,CC,Roma McKinstry,rmckinstry1f@patch.com,5
1000013052,CC,Jacobo de Clerq,jde1g@weibo.com,5
1000013053,CC,Rivkah Shone,rshone1h@indiatimes.com,5
1000013054,CC,Kerry Poli,kpoli1i@cafepress.com,5
1000013055,CC,Emeline Blodgetts,eblodgetts1j@oaic.gov.au,5
1000013056,CC,Ludovico Wybrew,lwybrew1k@freewebs.com,5
1000013057,CC,Eran Ramm,eramm1l@walmart.com,5
1000013058,CC,Aviva O'Dare,aodare1m@imageshack.us,5
1000013059,CC,Dorian Lumber,dlumber1n@google.co.jp,5
1000013060,CC,Cathryn Thuillier,cthuillier1o@google.es,5
1000013061,CC,Caria Jordison,cjordison1p@webs.com,5
1000013062,CC,Erinn Clapston,eclapston1q@nasa.gov,5
1000013063,CC,Arlin Briand,abriand1r@last.fm,5
1000013064,CC,Kennan Duchatel,kduchatel1s@ted.com,5
1000013065,CC,Darb Dulling,ddulling1t@plala.or.jp,5
1000013066,CC,Stella Showler,sshowler1u@china.com.cn,5
1000013067,CC,Gorden Pollastrino,gpollastrino1v@imageshack.us,5
1000013068,CC,Raleigh Conibear,rconibear1w@typepad.com,5
1000013069,CC,Gertruda Derbyshire,gderbyshire1x@epa.gov,5
1000013070,CC,Ermanno Fortey,efortey1y@yandex.ru,5
1000013071,CC,Desmund Lydster,dlydster1z@dell.com,5
1000013072,CC,Morey Libbey,mlibbey20@plala.or.jp,5
1000013073,CC,Brenna Itschakov,bitschakov21@biglobe.ne.jp,5
1000013074,CC,Dasi Pittel,dpittel22@symantec.com,5
1000013075,CC,Willi McBrier,wmcbrier23@edublogs.org,5
1000013076,CC,Malinda Osbourne,mosbourne24@google.cn,5
1000013077,CC,Neddie Martijn,nmartijn25@mtv.com,5
1000013078,CC,Matt Carnegie,mcarnegie26@about.me,5
1000013079,CC,Rowan Prestige,rprestige27@prweb.com,5
1000013080,CC,Arlie Fehners,afehners28@yale.edu,5
1000013081,CC,Lorette Despenser,ldespenser29@google.ru,5
1000013082,CC,Mala Forcer,mforcer2a@feedburner.com,5
1000013083,CC,Alvina Gullan,agullan2b@google.co.jp,5
1000013084,CC,Wakefield Buncher,wbuncher2c@walmart.com,5
1000013085,CC,Richardo Winchcomb,rwinchcomb2d@elegantthemes.com,5
1000013086,CC,Heinrick Dunthorn,hdunthorn2e@archive.org,5
1000013087,CC,Rici Johananov,rjohananov2f@constantcontact.com,5
1000013088,CC,Ivan Hughes,ihughes2g@digg.com,5
1000013089,CC,Rubetta Coopman,rcoopman2h@fastcompany.com,5
1000013090,CC,Berta Ferreli,bferreli2i@baidu.com,5
1000013091,CC,James Simonson,jsimonson2j@yellowpages.com,5
1000013092,CC,Marissa Loyd,mloyd2k@princeton.edu,5
1000013093,CC,Dave Wittke,dwittke2l@dyndns.org,5
1000013094,CC,Querida Dovington,qdovington2m@bizjournals.com,5
1000013095,CC,Ilysa Ethelstone,iethelstone2n@is.gd,5
1000013096,CC,Natalya Crombie,ncrombie2o@netlog.com,5
1000013097,CC,Nolie Grewe,ngrewe2p@hibu.com,5
1000013098,CC,Kesley Rojas,krojas2q@aboutads.info,5
1000013099,CC,Etta Beaven,ebeaven2r@flavors.me,5
1000013100,CC,Lauritz Hedde,lhedde2s@thetimes.co.uk,5
1000013101,CC,Clemmy Sinkin,csinkin2t@arstechnica.com,5
1000013102,CC,Nikaniki Blount,nblount2u@ow.ly,5
1000013103,CC,Boycey Gibby,bgibby2v@dmoz.org,5
1000013104,CC,Siana Ambrozik,sambrozik2w@miibeian.gov.cn,5
1000013105,CC,Averell Schwaiger,aschwaiger2x@bing.com,5
1000013106,CC,Vivie Cadwallader,vcadwallader2y@oracle.com,5
1000013107,CC,Elke Davids,edavids2z@japanpost.jp,5
1000013108,CC,Foss Tabbernor,ftabbernor30@theatlantic.com,5
1000013109,CC,Verina Partlett,vpartlett31@unblog.fr,5
1000013110,CC,Mitchael Rameaux,mrameaux32@google.pl,5
1000013111,CC,Hollie Derwin,hderwin33@naver.com,5
1000013112,CC,Opaline Zealy,ozealy34@stumbleupon.com,5
1000013113,CC,Benjamin Hawken,bhawken35@odnoklassniki.ru,5
1000013114,CC,Marshal Cowton,mcowton36@ucoz.ru,5
1000013115,CC,Euell Darcey,edarcey37@si.edu,5
1000013116,CC,Roderic Amis,ramis38@gizmodo.com,5
1000013117,CC,Row Galsworthy,rgalsworthy39@barnesandnoble.com,5
1000013118,CC,Shane Acreman,sacreman3a@myspace.com,5
1000013119,CC,See Likly,slikly3b@huffingtonpost.com,5
1000013120,CC,Mickie Anstie,manstie3c@mapy.cz,5
1000013121,CC,Skippie Moorcroft,smoorcroft3d@last.fm,5
1000013122,CC,Derril Cole,dcole3e@mtv.com,5
1000013123,CC,Norry Wedlock,nwedlock3f@microsoft.com,5
1000013124,CC,Sigismond Leece,sleece3g@istockphoto.com,5
1000013125,CC,Bing Parmenter,bparmenter3h@naver.com,5
1000013126,CC,Emilio Delafoy,edelafoy3i@pinterest.com,5
1000013127,CC,Ivor Mintrim,imintrim3j@ebay.com,5
1000013128,CC,Yale Crosham,ycrosham3k@elegantthemes.com,5
1000013129,CC,Amii Colvine,acolvine3l@gravatar.com,5
1000013130,CC,April Tennock,atennock3m@walmart.com,5
1000013131,CC,Camila Fforde,cfforde3n@1688.com,5
1000013132,CC,Darya Nuschke,dnuschke3o@youtu.be,5
1000013133,CC,Randy Dolle,rdolle3p@slate.com,5
1000013134,CC,Ciel Grigoryov,cgrigoryov3q@skype.com,5
1000013135,CC,Anissa Sill,asill3r@topsy.com,5
1000013136,CC,Nanni Cassie,ncassie3s@skype.com,5
1000013137,CC,Nicolette Peoples,npeoples3t@accuweather.com,5
1000013138,CC,Joyann Rubinshtein,jrubinshtein3u@washingtonpost.com,5
1000013139,CC,Adler Varfalameev,avarfalameev3v@diigo.com,5
1000013140,CC,Laurena Wrightam,lwrightam3w@wiley.com,5
1000013141,CC,Marlie Georghiou,mgeorghiou3x@dmoz.org,5
1000013142,CC,Dottie Riccelli,driccelli3y@ibm.com,5
1000013143,CC,Aluino Matterson,amatterson3z@ehow.com,5
1000013144,CC,Lucie Craigmyle,lcraigmyle40@wisc.edu,5
1000013145,CC,Thomas Bridie,tbridie41@dyndns.org,5
1000013146,CC,Pearce Ricciardiello,pricciardiello42@spiegel.de,5
1000013147,CC,Jon Patchett,jpatchett43@cloudflare.com,5
1000013148,CC,Emmerich Polycote,epolycote44@illinois.edu,5
1000013149,CC,Osbourne Treweek,otreweek45@craigslist.org,5
1000013150,CC,Currey Youell,cyouell46@wufoo.com,5
1000013151,CC,Mortimer Eborn,meborn47@ustream.tv,5
1000013152,CC,Sheena McGinlay,smcginlay48@springer.com,5
1000013153,CC,Kirk Wilse,kwilse49@g.co,5
1000013154,CC,Langsdon Worcester,lworcester4a@sohu.com,5
1000013155,CC,Demetria Vost,dvost4b@forbes.com,5
1000013156,CC,Andrei Rawcliff,arawcliff4c@census.gov,5
1000013157,CC,Jaclin Bluschke,jbluschke4d@lulu.com,5
1000013158,CC,Kelcy Rimes,krimes4e@booking.com,5
1000013159,CC,Graig Camelia,gcamelia4f@princeton.edu,5
1000013160,CC,Virgilio Outibridge,voutibridge4g@shareasale.com,5
1000013161,CC,Bambi Hourston,bhourston4h@artisteer.com,5
1000013162,CC,Franny Boughtwood,fboughtwood4i@google.com,5
1000013163,CC,Dulcia Medley,dmedley4j@marriott.com,5
1000013164,CC,Saree Stiffell,sstiffell4k@dedecms.com,5
1000013165,CC,Wiatt Speaks,wspeaks4l@jigsy.com,5
1000013166,CC,Ted Sollime,tsollime4m@salon.com,5
1000013167,CC,Trenton Pagram,tpagram4n@hatena.ne.jp,5
1000013168,CC,Eartha Stuer,estuer4o@addtoany.com,5
1000013169,CC,Hogan Boom,hboom4p@sogou.com,5
1000013170,CC,Raddie Heinlein,rheinlein4q@theatlantic.com,5
1000013171,CC,Carolan Hunton,chunton4r@netscape.com,5
1000013172,CC,George O'Breen,gobreen4s@list-manage.com,5
1000013173,CC,Samson Rebichon,srebichon4t@cbc.ca,5
1000013174,CC,Hugibert Chaplyn,hchaplyn4u@symantec.com,5
1000013175,CC,Tabatha Iacobini,tiacobini4v@discovery.com,5
1000013176,CC,Nikolai Aust,naust4w@google.cn,5
1000013177,CC,Lurline Tullett,ltullett4x@ftc.gov,5
1000013178,CC,Lydia Nerval,lnerval4y@who.int,5
1000013179,CC,Tuckie Costley,tcostley4z@patch.com,5
1000013180,CC,Curcio Easeman,ceaseman50@un.org,5
1000013181,CC,Yovonnda Atwell,yatwell51@shutterfly.com,5
1000013182,CC,Kain Dowell,kdowell52@imgur.com,5
1000013183,CC,Correy Plunkett,cplunkett53@pagesperso-orange.fr,5
1000013184,CC,Rhea Botterell,rbotterell54@auda.org.au,5
1000013185,CC,Emilee Dionisetto,edionisetto55@bandcamp.com,5
1000013186,CC,Lamond Bazely,lbazely56@toplist.cz,5
1000013187,CC,Aldin Kinnin,akinnin57@paginegialle.it,5
1000013188,CC,Gorden Wisker,gwisker58@about.com,5
1000013189,CC,Jade Wardell,jwardell59@netscape.com,5
1000013190,CC,Conny Wallhead,cwallhead5a@privacy.gov.au,5
1000013191,CC,Wade Bridson,wbridson5b@infoseek.co.jp,5
1000013192,CC,Roxy Stapele,rstapele5c@hostgator.com,5
1000013193,CC,Goddard Lorans,glorans5d@ihg.com,5
1000013194,CC,Ulrich Shorthill,ushorthill5e@examiner.com,5
1000013195,CC,Ray Simonato,rsimonato5f@adobe.com,5
1000013196,CC,Concordia Bruno,cbruno5g@newyorker.com,5
1000013197,CC,Angelita Hull,ahull5h@opera.com,5
1000013198,CC,Reina Tart,rtart5i@twitter.com,5
1000013199,CC,Morna Dairton,mdairton5j@cargocollective.com,5
1000013200,CC,Francklin Giorgione,fgiorgione5k@shareasale.com,5
1000013201,CC,Anet Godbert,agodbert5l@berkeley.edu,5
1000013202,CC,Lief Piquard,lpiquard5m@bluehost.com,5
1000013203,CC,Robby Soonhouse,rsoonhouse5n@example.com,5
1000013204,CC,Kore Agiolfinger,kagiolfinger5o@pinterest.com,5
1000013205,CC,Cliff Book,cbook5p@cnbc.com,5
1000013206,CC,Demetri Ridder,dridder5q@taobao.com,5
1000013207,CC,Lonni Borgne,lborgne5r@cornell.edu,5
1000013208,CC,Sebastian Noen,snoen5s@ehow.com,5
1000013209,CC,Zara Ramsden,zramsden5t@purevolume.com,5
1000013210,CC,Melany Weond,mweond5u@google.com.au,5
1000013211,CC,Charlena Belasco,cbelasco5v@state.gov,5
1000013212,CC,Ellyn Nestle,enestle5w@squarespace.com,5
1000013213,CC,Anselma Jakubowsky,ajakubowsky5x@4shared.com,5
1000013214,CC,Mischa Shallcrass,mshallcrass5y@vkontakte.ru,5
1000013215,CC,Leonid Kennicott,lkennicott5z@sohu.com,5
1000013216,CC,Hedvige Weathers,hweathers60@cdbaby.com,5
1000013217,CC,Farly Swalteridge,fswalteridge61@webnode.com,5
1000013218,CC,Connor Bewshaw,cbewshaw62@discuz.net,5
1000013219,CC,Christoforo Nightingale,cnightingale63@github.com,5
1000013220,CC,Roxine Tyson,rtyson64@usgs.gov,5
1000013221,CC,Merna Pettko,mpettko65@eventbrite.com,5
1000013222,CC,Stephannie O'Rowane,sorowane66@craigslist.org,5
1000013223,CC,Shana McKibbin,smckibbin67@deliciousdays.com,5
1000013224,CC,Cher Elkins,celkins68@opensource.org,5
1000013225,CC,Briant Halloway,bhalloway69@amazonaws.com,5
1000013226,CC,Carmela Cressor,ccressor6a@linkedin.com,5
1000013227,CC,Leontyne Lakey,llakey6b@webs.com,5
1000013228,CC,Carmelle Linley,clinley6c@aol.com,5
1000013229,CC,Lilyan Klein,lklein6d@feedburner.com,5
1000013230,CC,Bailie Tregoning,btregoning6e@rakuten.co.jp,5
1000013231,CC,Barnaby Mould,bmould6f@npr.org,5
1000013232,CC,Asia Waine,awaine6g@sphinn.com,5
1000013233,CC,Meggy Castagno,mcastagno6h@facebook.com,5
1000013234,CC,Vinita Ruegg,vruegg6i@twitter.com,5
1000013235,CC,Dale Tremmil,dtremmil6j@example.com,5
1000013236,CC,Nerta Pimlott,npimlott6k@walmart.com,5
1000013237,CC,Alva Kestian,akestian6l@wikimedia.org,5
1000013238,CC,Emilia Peer,epeer6m@timesonline.co.uk,5
1000013239,CC,Marrilee Mainz,mmainz6n@nytimes.com,5
1000013240,CC,Darya Tolputt,dtolputt6o@nhs.uk,5
1000013241,CC,Rriocard Letten,rletten6p@fema.gov,5
1000013242,CC,Isac Lissemore,ilissemore6q@yelp.com,5
1000013243,CC,Carol Barkley,cbarkley6r@godaddy.com,5
1000013244,CC,Alfreda Sandle,asandle6s@diigo.com,5
1000013245,CC,Corenda Crosfield,ccrosfield6t@whitehouse.gov,5
1000013246,CC,Rice Koppeck,rkoppeck6u@google.de,5
1000013247,CC,Martino Musterd,mmusterd6v@examiner.com,5
1000013248,CC,Faber Feldbrin,ffeldbrin6w@lulu.com,5
1000013249,CC,Chrissy Cullotey,ccullotey6x@squidoo.com,5
1000013250,CC,Marcellus McQuilkin,mmcquilkin6y@sitemeter.com,5
1000013251,CC,Burton Alven,balven6z@shutterfly.com,5
1000013252,CC,Aldin Quantrell,aquantrell70@cbslocal.com,5
1000013253,CC,Genna Topling,gtopling71@nifty.com,5
1000013254,CC,Claretta Musson,cmusson72@technorati.com,5
1000013255,CC,Duane Savile,dsavile73@feedburner.com,5
1000013256,CC,Bernardina Hargreves,bhargreves74@example.com,5
1000013257,CC,Morganica Cushion,mcushion75@salon.com,5
1000013258,CC,Fran Kinnane,fkinnane76@cyberchimps.com,5
1000013259,CC,Jocelyne Blasl,jblasl77@opera.com,5
1000013260,CC,Davina Quincee,dquincee78@unblog.fr,5
1000013261,CC,Mala Summerson,msummerson79@ucoz.ru,5
1000013262,CC,Miran Rous,mrous7a@sphinn.com,5
1000013263,CC,Rusty Fladgate,rfladgate7b@example.com,5
1000013264,CC,Dyanne Maxstead,dmaxstead7c@statcounter.com,5
1000013265,CC,Ki Blague,kblague7d@miibeian.gov.cn,5
1000013266,CC,Abbie Heyward,aheyward7e@irs.gov,5
1000013267,CC,Nat Janowicz,njanowicz7f@illinois.edu,5
1000013268,CC,Alessandra Venning,avenning7g@photobucket.com,5
1000013269,CC,Vaclav O'Hanlon,vohanlon7h@msn.com,5
1000013270,CC,Gery Just,gjust7i@gmpg.org,5
1000013271,CC,Judah Boram,jboram7j@spotify.com,5
1000013272,CC,Arv Holtom,aholtom7k@behance.net,5
1000013273,CC,Noelle Fronzek,nfronzek7l@howstuffworks.com,5
1000013274,CC,Tildie Giovannetti,tgiovannetti7m@weebly.com,5
1000013275,CC,Erie Faivre,efaivre7n@army.mil,5
1000013276,CC,Moise Bulman,mbulman7o@newsvine.com,5
1000013277,CC,Caye Challis,cchallis7p@google.com,5
1000013278,CC,Monro Southward,msouthward7q@addthis.com,5
1000013279,CC,Coralie Idale,cidale7r@unblog.fr,5
1000013280,CC,Fawnia Sapshed,fsapshed7s@topsy.com,5
1000013281,CC,Boonie Arnason,barnason7t@opensource.org,5
1000013282,CC,Angeline Kiddle,akiddle7u@lycos.com,5
1000013283,CC,Rinaldo Baillie,rbaillie7v@exblog.jp,5
1000013284,CC,Marco Likely,mlikely7w@rediff.com,5
1000013285,CC,Sheri Sylett,ssylett7x@bandcamp.com,5
1000013286,CC,Burch Machent,bmachent7y@imdb.com,5
1000013287,CC,Malvin Haruard,mharuard7z@dagondesign.com,5
1000013288,CC,Arielle Ordidge,aordidge80@smh.com.au,5
1000013289,CC,Padriac Fidock,pfidock81@over-blog.com,5
1000013290,CC,Farica Flindall,fflindall82@seattletimes.com,5
1000013291,CC,Kaia Polon,kpolon83@sitemeter.com,5
1000013292,CC,Cherie Dumphreys,cdumphreys84@blogs.com,5
1000013293,CC,Jeannine Havoc,jhavoc85@yolasite.com,5
1000013294,CC,Mel Hedgeman,mhedgeman86@guardian.co.uk,5
1000013295,CC,Jeramie Nelissen,jnelissen87@last.fm,5
1000013296,CC,Stacy Lucey,slucey88@hhs.gov,5
1000013297,CC,Onida Tarburn,otarburn89@cisco.com,5
1000013298,CC,Krissy Sheehan,ksheehan8a@g.co,5
1000013299,CC,Ichabod Penhale,ipenhale8b@un.org,5
1000013300,CC,Ezmeralda Gislebert,egislebert8c@ezinearticles.com,5
1000013301,CC,Merrilee Message,mmessage8d@whitehouse.gov,5
1000013302,CC,Berta Lyddon,blyddon8e@cargocollective.com,5
1000013303,CC,Jobi Serman,jserman8f@jigsy.com,5
1000013304,CC,Melanie McGeady,mmcgeady8g@ca.gov,5
1000013305,CC,Cly Chaff,cchaff8h@sourceforge.net,5
1000013306,CC,Salomone Dufaire,sdufaire8i@redcross.org,5
1000013307,CC,Gill Clewlow,gclewlow8j@theatlantic.com,5
1000013308,CC,Corrianne Scotter,cscotter8k@nih.gov,5
1000013309,CC,Vilhelmina Pratley,vpratley8l@china.com.cn,5
1000013310,CC,Putnem Cattroll,pcattroll8m@dagondesign.com,5
1000013311,CC,Philomena Tavinor,ptavinor8n@fastcompany.com,5
1000013312,CC,Tome Pheasant,tpheasant8o@ycombinator.com,5
1000013313,CC,Ferdinande Jochanany,fjochanany8p@addthis.com,5
1000013314,CC,Catina Lago,clago8q@cam.ac.uk,5
1000013315,CC,Abbot Siverns,asiverns8r@harvard.edu,5
1000013316,CC,Drake Licari,dlicari8s@myspace.com,5
1000013317,CC,Adelheid Tasseler,atasseler8t@nps.gov,5
1000013318,CC,Nappy Gouthier,ngouthier8u@loc.gov,5
1000013319,CC,Karoline Glenister,kglenister8v@cpanel.net,5
1000013320,CC,Taffy Hawthorn,thawthorn8w@baidu.com,5
1000013321,CC,Agatha Gorgl,agorgl8x@sciencedaily.com,5
1000013322,CC,Sande McQuorkel,smcquorkel8y@mediafire.com,5
1000013323,CC,Ellynn Rickaert,erickaert8z@ning.com,5
1000013324,CC,Tan Strutt,tstrutt90@mapy.cz,5
1000013325,CC,Magdalen Tomaszek,mtomaszek91@nih.gov,5
1000013326,CC,Janine Beadman,jbeadman92@chron.com,5
1000013327,CC,Austin Jendrys,ajendrys93@networkadvertising.org,5
1000013328,CC,Ava Fawltey,afawltey94@goodreads.com,5
1000013329,CC,Charis Dubble,cdubble95@irs.gov,5
1000013330,CC,Chet Eloy,celoy96@admin.ch,5
1000013331,CC,Elvira Ayshford,eayshford97@weebly.com,5
1000013332,CC,Estel Stathor,estathor98@ovh.net,5
1000013333,CC,Betta Huddle,bhuddle99@cloudflare.com,5
1000013334,CC,Otis Levett,olevett9a@economist.com,5
1000013335,CC,Vanda Sindle,vsindle9b@abc.net.au,5
1000013336,CC,Noel Blincowe,nblincowe9c@ehow.com,5
1000013337,CC,Ellsworth Spurdon,espurdon9d@exblog.jp,5
1000013338,CC,Jacques Greenan,jgreenan9e@homestead.com,5
1000013339,CC,Brock McPhillips,bmcphillips9f@chicagotribune.com,5
1000013340,CC,Cathryn Poundsford,cpoundsford9g@about.com,5
1000013341,CC,Marlin Johnsson,mjohnsson9h@bloglines.com,5
1000013342,CC,Beauregard McPhelimy,bmcphelimy9i@sohu.com,5
1000013343,CC,Cordey Rove,crove9j@a8.net,5
1000013344,CC,Anson McCloud,amccloud9k@usnews.com,5
1000013345,CC,Lexis Lutwyche,llutwyche9l@unicef.org,5
1000013346,CC,Fernande Caverhill,fcaverhill9m@t.co,5
1000013347,CC,Odelle Moylane,omoylane9n@blog.com,5
1000013348,CC,Minni Paumier,mpaumier9o@lycos.com,5
1000013349,CC,Sonnie Aylin,saylin9p@mit.edu,5
1000013350,CC,Odell Tebbe,otebbe9q@toplist.cz,5
1000013351,CC,Melamie Beminster,mbeminster9r@de.vu,5
1000013352,CC,Clovis Piggens,cpiggens9s@globo.com,5
1000013353,CC,Pietro Yesinov,pyesinov9t@vk.com,5
1000013354,CC,Artus Domnin,adomnin9u@devhub.com,5
1000013355,CC,Lindon Wilder,lwilder9v@smh.com.au,5
1000013356,CC,Rina Crigin,rcrigin9w@ow.ly,5
1000013357,CC,Gregory Kinver,gkinver9x@soup.io,5
1000013358,CC,Stephan Herche,sherche9y@mapy.cz,5
1000013359,CC,Ariela Ridehalgh,aridehalgh9z@wordpress.com,5
1000013360,CC,Anna-maria Hovell,ahovella0@icq.com,5
1000013361,CC,Shea Langstrath,slangstratha1@psu.edu,5
1000013362,CC,Lynda Bastian,lbastiana2@ocn.ne.jp,5
1000013363,CC,Adina Zammett,azammetta3@unesco.org,5
1000013364,CC,Freemon Damper,fdampera4@comcast.net,5
1000013365,CC,Vikki Drain,vdraina5@sakura.ne.jp,5
1000013366,CC,Godwin Langthorne,glangthornea6@imageshack.us,5
1000013367,CC,Andris Hallbird,ahallbirda7@sphinn.com,5
1000013368,CC,Aluin Godlonton,agodlontona8@diigo.com,5
1000013369,CC,Desiree Harlick,dharlicka9@sogou.com,5
1000013370,CC,Nefen Faldoe,nfaldoeaa@multiply.com,5
1000013371,CC,Stesha Clementet,sclementetab@reddit.com,5
1000013372,CC,Aurore Bedboro,abedboroac@sciencedirect.com,5
1000013373,CC,Candi De la croix,cdead@examiner.com,5
1000013374,CC,Ronnie Fitzsymon,rfitzsymonae@java.com,5
1000013375,CC,Dania Umbert,dumbertaf@ucoz.com,5
1000013376,CC,Roddie Conkey,rconkeyag@soundcloud.com,5
1000013377,CC,Dugald Jeannon,djeannonah@mozilla.com,5
1000013378,CC,Dexter Petracco,dpetraccoai@prweb.com,5
1000013379,CC,Claybourne Willbraham,cwillbrahamaj@tripadvisor.com,5
1000013380,CC,Adolpho Feehan,afeehanak@drupal.org,5
1000013381,CC,Chandler Jeenes,cjeenesal@illinois.edu,5
1000013382,CC,Dene Byre,dbyream@foxnews.com,5
1000013383,CC,Joseph Trudgeon,jtrudgeonan@alibaba.com,5
1000013384,CC,Vilma Beagles,vbeaglesao@stanford.edu,5
1000013385,CC,May Dron,mdronap@mapquest.com,5
1000013386,CC,Filmer Baxendale,fbaxendaleaq@qq.com,5
1000013387,CC,Tabbitha Tocqueville,ttocquevillear@typepad.com,5
1000013388,CC,Johnna Millam,jmillamas@ibm.com,5
1000013389,CC,Aurea Freathy,afreathyat@arstechnica.com,5
1000013390,CC,Robinson Drache,rdracheau@fema.gov,5
1000013391,CC,Hanny Gimson,hgimsonav@usda.gov,5
1000013392,CC,Hendrik Itzkovwich,hitzkovwichaw@so-net.ne.jp,5
1000013393,CC,Cesare Inold,cinoldax@t.co,5
1000013394,CC,Elysia Rustich,erustichay@trellian.com,5
1000013395,CC,Terrijo Dinkin,tdinkinaz@feedburner.com,5
1000013396,CC,Shem Lodemann,slodemannb0@goo.ne.jp,5
1000013397,CC,Darsey MacGarvey,dmacgarveyb1@auda.org.au,5
1000013398,CC,Anny Menci,amencib2@t.co,5
1000013399,CC,Omero Bucknall,obucknallb3@wix.com,5
1000013400,CC,Nisse Stockhill,nstockhillb4@go.com,5
1000013401,CC,Jae Maffulli,jmaffullib5@bloglines.com,5
1000013402,CC,Ursulina Uphill,uuphillb6@wordpress.org,5
1000013403,CC,Linn Coddrington,lcoddringtonb7@sciencedaily.com,5
1000013404,CC,Michal Divisek,mdivisekb8@craigslist.org,5
1000013405,CC,Jacquelynn Ricciardiello,jricciardiellob9@ebay.co.uk,5
1000013406,CC,Lucita Chidzoy,lchidzoyba@csmonitor.com,5
1000013407,CC,Ilyse Branscombe,ibranscombebb@engadget.com,5
1000013408,CC,Shirlee Twinberrow,stwinberrowbc@cbsnews.com,5
1000013409,CC,Muhammad Checkley,mcheckleybd@cam.ac.uk,5
1000013410,CC,Lin Treherne,ltrehernebe@1688.com,5
1000013411,CC,Mellisa Feveryear,mfeveryearbf@woothemes.com,5
1000013412,CC,Edd Bedboro,ebedborobg@nifty.com,5
1000013413,CC,Gabriela Leverage,gleveragebh@rambler.ru,5
1000013414,CC,Jefferey Agar,jagarbi@chicagotribune.com,5
1000013415,CC,Lurlene Alcide,lalcidebj@netscape.com,5
1000013416,CC,Phedra Hancill,phancillbk@google.cn,5
1000013417,CC,Giacopo Klus,gklusbl@msu.edu,5
1000013418,CC,Terri Dewire,tdewirebm@gizmodo.com,5
1000013419,CC,Abbey Drinkeld,adrinkeldbn@discuz.net,5
1000013420,CC,Letitia Leaney,lleaneybo@mediafire.com,5
1000013421,CC,Elsinore MacCaffery,emaccafferybp@soup.io,5
1000013422,CC,Hortensia Coneau,hconeaubq@dion.ne.jp,5
1000013423,CC,Merissa Ayers,mayersbr@princeton.edu,5
1000013424,CC,Alva Pattemore,apattemorebs@sina.com.cn,5
1000013425,CC,Pat Feldmann,pfeldmannbt@noaa.gov,5
1000013426,CC,Auroora Leary,alearybu@twitter.com,5
1000013427,CC,Brigid Grahlman,bgrahlmanbv@goo.ne.jp,5
1000013428,CC,Theadora covino,tcovinobw@discuz.net,5
1000013429,CC,Kelby Malt,kmaltbx@sitemeter.com,5
1000013430,CC,Reynold Cruce,rcruceby@simplemachines.org,5
1000013431,CC,Les Hadlington,lhadlingtonbz@nature.com,5
1000013432,CC,Quincey Deverale,qdeveralec0@mtv.com,5
1000013433,CC,Gan Pocklington,gpocklingtonc1@paypal.com,5
1000013434,CC,Sven Bradneck,sbradneckc2@xrea.com,5
1000013435,CC,Gaelan Kemmish,gkemmishc3@nature.com,5
1000013436,CC,Mair Shyre,mshyrec4@t.co,5
1000013437,CC,Velvet Biglin,vbiglinc5@amazonaws.com,5
1000013438,CC,Townie Klaessen,tklaessenc6@paypal.com,5
1000013439,CC,Dianna Jeyes,djeyesc7@yandex.ru,5
1000013440,CC,Alena Litchfield,alitchfieldc8@comsenz.com,5
1000013441,CC,Bourke Foye,bfoyec9@domainmarket.com,5
1000013442,CC,Deane Cantos,dcantosca@sbwire.com,5
1000013443,CC,Dory Colquite,dcolquitecb@foxnews.com,5
1000013444,CC,Henderson Bebbell,hbebbellcc@squidoo.com,5
1000013445,CC,Dalston Garms,dgarmscd@xrea.com,5
1000013446,CC,Ariadne Hele,ahelece@who.int,5
1000013447,CC,Roslyn Fuzzey,rfuzzeycf@soundcloud.com,5
1000013448,CC,Lind Valentinuzzi,lvalentinuzzicg@wikimedia.org,5
1000013449,CC,Hillery Charlson,hcharlsonch@google.co.uk,5
1000013450,CC,Lindsey Feldmus,lfeldmusci@livejournal.com,5
1000013451,CC,Chancey Turn,cturncj@amazonaws.com,5
1000013452,CC,Nicki Gover,ngoverck@wikipedia.org,5
1000013453,CC,Sayre Mabbe,smabbecl@reuters.com,5
1000013454,CC,Aloysia Imesson,aimessoncm@telegraph.co.uk,5
1000013455,CC,Robinson Luciano,rlucianocn@sourceforge.net,5
1000013456,CC,Anne-corinne Popping,apoppingco@plala.or.jp,5
1000013457,CC,Ellsworth Micco,emiccocp@digg.com,5
1000013458,CC,Waylin Paice,wpaicecq@qq.com,5
1000013459,CC,Denny Cunnell,dcunnellcr@list-manage.com,5
1000013460,CC,Kellie Schulz,kschulzcs@bluehost.com,5
1000013461,CC,Conan Dufour,cdufourct@seattletimes.com,5
1000013462,CC,Borden Bavridge,bbavridgecu@seesaa.net,5
1000013463,CC,Francene Backshall,fbackshallcv@uiuc.edu,5
1000013464,CC,Valene Georgescu,vgeorgescucw@nifty.com,5
1000013465,CC,Skye Vignal,svignalcx@usnews.com,5
1000013466,CC,Wynn Leetham,wleethamcy@stumbleupon.com,5
1000013467,CC,Kev Stanlake,kstanlakecz@hao123.com,5
1000013468,CC,Pren Autin,pautind0@angelfire.com,5
1000013469,CC,Marten Breznovic,mbreznovicd1@marketwatch.com,5
1000013470,CC,Adiana Kroon,akroond2@shinystat.com,5
1000013471,CC,Estevan Coen,ecoend3@constantcontact.com,5
1000013472,CC,Krispin Grigorio,kgrigoriod4@163.com,5
1000013473,CC,Augie Towsie,atowsied5@usa.gov,5
1000013474,CC,Vale Jinkin,vjinkind6@addthis.com,5
1000013475,CC,Robenia Gavrielly,rgavriellyd7@nps.gov,5
1000013476,CC,Nanci Bore,nbored8@comsenz.com,5
1000013477,CC,Martelle Duchasteau,mduchasteaud9@addthis.com,5
1000013478,CC,Richy Burree,rburreeda@jugem.jp,5
1000013479,CC,Dur Rivitt,drivittdb@infoseek.co.jp,5
1000013480,CC,Robinet Lowery,rlowerydc@weebly.com,5
1000013481,CC,Rowe Liebrecht,rliebrechtdd@utexas.edu,5
1000013482,CC,Drusi O'Codihie,docodihiede@wunderground.com,5
1000013483,CC,Adena Oxenden,aoxendendf@spiegel.de,5
1000013484,CC,Chrissy Deekes,cdeekesdg@cbsnews.com,5
1000013485,CC,Skippie Croneen,scroneendh@dell.com,5
1000013486,CC,Samson Belsham,sbelshamdi@reuters.com,5
1000013487,CC,Dionysus Kempster,dkempsterdj@youtu.be,5
1000013488,CC,Annetta Bessey,abesseydk@printfriendly.com,5
1000013489,CC,Tallulah Lillgard,tlillgarddl@spiegel.de,5
1000013490,CC,Jaymee Aldhous,jaldhousdm@va.gov,5
1000013491,CC,Hadleigh Cabrer,hcabrerdn@hp.com,5
1000013492,CC,Mirilla McRory,mmcrorydo@vimeo.com,5
1000013493,CC,Lutero Nurden,lnurdendp@wikispaces.com,5
1000013494,CC,Venita Beaufoy,vbeaufoydq@twitter.com,5
1000013495,CC,Tobye Jardin,tjardindr@usnews.com,5
1000013496,CC,Chev Stawell,cstawellds@example.com,5
1000013497,CC,Bradly Mutter,bmutterdt@webeden.co.uk,5
1000013498,CC,Belvia Heskey,bheskeydu@irs.gov,5
1000013499,CC,Cathe Eckhard,ceckharddv@ehow.com,5
1000013500,CC,Giana Pine,gpinedw@nydailynews.com,5
1000013501,CC,Trina Wheldon,twheldondx@yelp.com,5
1000013502,CC,Pris Gerdes,pgerdesdy@telegraph.co.uk,5
1000013503,CC,Margot Ferreiro,mferreirodz@mayoclinic.com,5
1000013504,CC,Fae Trainor,ftrainore0@telegraph.co.uk,5
1000013505,CC,Thelma Wellesley,twellesleye1@howstuffworks.com,5
1000013506,CC,Deeann Cutbush,dcutbushe2@twitpic.com,5
1000013507,CC,Kacy Carbine,kcarbinee3@bluehost.com,5
1000013508,CC,Chevalier Hainning,chainninge4@ameblo.jp,5
1000013509,CC,Paulita Jedrzej,pjedrzeje5@msu.edu,5
1000013510,CC,Zorana Rozzier,zrozziere6@theguardian.com,5
1000013511,CC,Edy Gallear,egalleare7@netscape.com,5
1000013512,CC,Heidie Muston,hmustone8@digg.com,5
1000013513,CC,Francisco Tunny,ftunnye9@barnesandnoble.com,5
1000013514,CC,Margi Domleo,mdomleoea@skyrock.com,5
1000013515,CC,Engracia Dorward,edorwardeb@virginia.edu,5
1000013516,CC,Inessa Mountney,imountneyec@vistaprint.com,5
1000013517,CC,Aleen Enbury,aenburyed@reference.com,5
1000013518,CC,Ludvig Baptiste,lbaptisteee@1und1.de,5
1000013519,CC,Opal Bletso,obletsoef@dot.gov,5
1000013520,CC,Chad Defau,cdefaueg@npr.org,5
1000013521,CC,Kristian Newick,knewickeh@prweb.com,5
1000013522,CC,Gabey Rubertelli,grubertelliei@fotki.com,5
1000013523,CC,Ortensia Minnette,ominnetteej@jalbum.net,5
1000013524,CC,Esme Voase,evoaseek@etsy.com,5
1000013525,CC,Dukie Cornew,dcornewel@fema.gov,5
1000013526,CC,Peta Tomisch,ptomischem@rakuten.co.jp,5
1000013527,CC,Abba Limeburner,alimeburneren@elpais.com,5
1000013528,CC,Blayne Bentick,bbentickeo@fastcompany.com,5
1000013529,CC,Lanna Swaysland,lswayslandep@prnewswire.com,5
1000013530,CC,Taddeo Henrionot,thenrionoteq@sourceforge.net,5
1000013531,CC,Perle Caban,pcabaner@umn.edu,5
1000013532,CC,Rhody Nock,rnockes@godaddy.com,5
1000013533,CC,Constantine Dann,cdannet@delicious.com,5
1000013534,CC,Bernadine Eisig,beisigeu@google.de,5
1000013535,CC,Bette-ann Barkshire,bbarkshireev@comcast.net,5
1000013536,CC,Stefan Dulling,sdullingew@patch.com,5
1000013537,CC,Nichols Baraclough,nbaracloughex@a8.net,5
1000013538,CC,Alec O'Hearn,aohearney@apple.com,5
1000013539,CC,Worden Burchmore,wburchmoreez@virginia.edu,5
1000013540,CC,Clare MacCard,cmaccardf0@constantcontact.com,5
1000013541,CC,Kenton Dominicacci,kdominicaccif1@ebay.co.uk,5
1000013542,CC,Brit Olding,boldingf2@wordpress.org,5
1000013543,CC,Orella Bartelot,obartelotf3@redcross.org,5
1000013544,CC,Elenore Pyatt,epyattf4@imageshack.us,5
1000013545,CC,Stacee Curdell,scurdellf5@patch.com,5
1000013546,CC,Rica Valentino,rvalentinof6@mlb.com,5
1000013547,CC,Tamarah Pilley,tpilleyf7@devhub.com,5
1000013548,CC,Will Castleton,wcastletonf8@squarespace.com,5
1000013549,CC,Brenn McCorkell,bmccorkellf9@unc.edu,5
1000013550,CC,Winn Durbin,wdurbinfa@cnn.com,5
1000013551,CC,Spenser Connikie,sconnikiefb@google.cn,5
1000013552,CC,Carlye Solland,csollandfc@washingtonpost.com,5
1000013553,CC,Rozelle Bergin,rberginfd@ed.gov,5
1000013554,CC,Megan Klassmann,mklassmannfe@wired.com,5
1000013555,CC,Edmund Rojahn,erojahnff@360.cn,5
1000013556,CC,Hatti Jans,hjansfg@wisc.edu,5
1000013557,CC,Geraldine Siddeley,gsiddeleyfh@fotki.com,5
1000013558,CC,Gill McMeekan,gmcmeekanfi@upenn.edu,5
1000013559,CC,Hilario Lifsey,hlifseyfj@irs.gov,5
1000013560,CC,Katee Mays,kmaysfk@comcast.net,5
1000013561,CC,Lynnea Bertwistle,lbertwistlefl@cnbc.com,5
1000013562,CC,Ezri Whitters,ewhittersfm@opensource.org,5
1000013563,CC,Sauveur Heiss,sheissfn@gizmodo.com,5
1000013564,CC,Heda Yakubowicz,hyakubowiczfo@harvard.edu,5
1000013565,CC,Modesty Pitblado,mpitbladofp@blinklist.com,5
1000013566,CC,Atlante Lesaunier,alesaunierfq@flavors.me,5
1000013567,CC,Remy Morville,rmorvillefr@jimdo.com,5
1000013568,CC,Byran Pitrasso,bpitrassofs@tumblr.com,5
1000013569,CC,Timotheus Pell,tpellft@usgs.gov,5
1000013570,CC,Lilly Matheson,lmathesonfu@example.com,5
1000013571,CC,Syd Penfold,spenfoldfv@gizmodo.com,5
1000013572,CC,Cacilie Kington,ckingtonfw@foxnews.com,5
1000013573,CC,Steward Bernardeschi,sbernardeschifx@soup.io,5
1000013574,CC,Clara Djurdjevic,cdjurdjevicfy@123-reg.co.uk,5
1000013575,CC,Carlita Weagener,cweagenerfz@squidoo.com,5
1000013576,CC,Berkeley Goldman,bgoldmang0@apple.com,5
1000013577,CC,Kakalina Zelake,kzelakeg1@people.com.cn,5
1000013578,CC,Pooh Albion,palbiong2@zimbio.com,5
1000013579,CC,Gabriela Devericks,gdevericksg3@zdnet.com,5
1000013580,CC,Phelia Churm,pchurmg4@webs.com,5
1000013581,CC,Boone Rudinger,brudingerg5@homestead.com,5
1000013582,CC,Lavinie Franklin,lfrankling6@nbcnews.com,5
1000013583,CC,Wini Steiner,wsteinerg7@sitemeter.com,5
1000013584,CC,Constancia Attryde,cattrydeg8@theglobeandmail.com,5
1000013585,CC,Spense Imason,simasong9@fda.gov,5
1000013586,CC,Georgena Phelan,gphelanga@dion.ne.jp,5
1000013587,CC,Ransell Maidment,rmaidmentgb@zimbio.com,5
1000013588,CC,Kaila Devonshire,kdevonshiregc@mac.com,5
1000013589,CC,Karil Gantzer,kgantzergd@yale.edu,5
1000013590,CC,Alana Joel,ajoelge@yolasite.com,5
1000013591,CC,Cob Hadlow,chadlowgf@geocities.com,5
1000013592,CC,Katerine Viall,kviallgg@vk.com,5
1000013593,CC,Felike Mullany,fmullanygh@businesswire.com,5
1000013594,CC,Jennica Murrill,jmurrillgi@studiopress.com,5
1000013595,CC,Dorice Stocks,dstocksgj@moonfruit.com,5
1000013596,CC,Farrand Nellies,fnelliesgk@go.com,5
1000013597,CC,Ag Diviney,adivineygl@google.com.au,5
1000013598,CC,Ferrell Feldbrin,ffeldbringm@spotify.com,5
1000013599,CC,Jillian Stripp,jstrippgn@ftc.gov,5
1000013600,CC,Goldarina Elstub,gelstubgo@fda.gov,5
1000013601,CC,Iolande Hanssmann,ihanssmanngp@mozilla.com,5
1000013602,CC,Constancia Rozalski,crozalskigq@merriam-webster.com,5
1000013603,CC,Frank Arnaud,farnaudgr@tinyurl.com,5
1000013604,CC,Claudell Columbell,ccolumbellgs@si.edu,5
1000013605,CC,Gale Sallans,gsallansgt@hubpages.com,5
1000013606,CC,Barbara-anne Geraldi,bgeraldigu@shareasale.com,5
1000013607,CC,Trey Cosham,tcoshamgv@clickbank.net,5
1000013608,CC,Tann Wethered,twetheredgw@forbes.com,5
1000013609,CC,Bronny McClelland,bmcclellandgx@reference.com,5
1000013610,CC,Duncan Redhead,dredheadgy@hexun.com,5
1000013611,CC,Luciana Carlisle,lcarlislegz@weather.com,5
1000013612,CC,Friederike Nobriga,fnobrigah0@washingtonpost.com,5
1000013613,CC,Fredric McSweeney,fmcsweeneyh1@mayoclinic.com,5
1000013614,CC,Cordi Orneblow,corneblowh2@bigcartel.com,5
1000013615,CC,Hyman Bowen,hbowenh3@berkeley.edu,5
1000013616,CC,Britni Woan,bwoanh4@webmd.com,5
1000013617,CC,Mirelle Stenner,mstennerh5@mit.edu,5
1000013618,CC,Pepito Abramof,pabramofh6@cafepress.com,5
1000013619,CC,Ichabod Whitehorn,iwhitehornh7@etsy.com,5
1000013620,CC,Lanny Poli,lpolih8@who.int,5
1000013621,CC,Leanor Ast,lasth9@woothemes.com,5
1000013622,CC,Erena Hardiman,ehardimanha@utexas.edu,5
1000013623,CC,Royall O'Shaughnessy,roshaughnessyhb@gravatar.com,5
1000013624,CC,Tedi Gough,tgoughhc@usa.gov,5
1000013625,CC,Norbert Laurencot,nlaurencothd@webeden.co.uk,5
1000013626,CC,Ernaline Linde,elindehe@yandex.ru,5
1000013627,CC,Sacha Goodban,sgoodbanhf@networkadvertising.org,5
1000013628,CC,Vidovik Wasmer,vwasmerhg@utexas.edu,5
1000013629,CC,Grissel Gredden,ggreddenhh@sina.com.cn,5
1000013630,CC,Betteanne Wiles,bwileshi@patch.com,5
1000013631,CC,Hamlen Kelner,hkelnerhj@epa.gov,5
1000013632,CC,Yvor Blakiston,yblakistonhk@networkadvertising.org,5
1000013633,CC,Renado Paragreen,rparagreenhl@chronoengine.com,5
1000013634,CC,Sheeree McCaffrey,smccaffreyhm@gizmodo.com,5
1000013635,CC,Reamonn Fleckness,rflecknesshn@4shared.com,5
1000013636,CC,Sanders Okenden,sokendenho@qq.com,5
1000013637,CC,Burg Keighly,bkeighlyhp@mac.com,5
1000013638,CC,Jim Habbes,jhabbeshq@wordpress.org,5
1000013639,CC,Pattie Abbet,pabbethr@indiegogo.com,5
1000013640,CC,Tye Bloys,tbloyshs@wiley.com,5
1000013641,CC,Carla Heatley,cheatleyht@businessinsider.com,5
1000013642,CC,Donaugh Gwyn,dgwynhu@usatoday.com,5
1000013643,CC,Jewelle Bygreaves,jbygreaveshv@icq.com,5
1000013644,CC,Van Ankrett,vankretthw@dion.ne.jp,5
1000013645,CC,Ives Birnie,ibirniehx@cmu.edu,5
1000013646,CC,Gaile Johnsey,gjohnseyhy@scribd.com,5
1000013647,CC,Mathe Fenemore,mfenemorehz@yandex.ru,5
1000013648,CC,Jo-ann Wansbury,jwansburyi0@networkadvertising.org,5
1000013649,CC,Udale Masser,umasseri1@aboutads.info,5
1000013650,CC,Benoite Siney,bsineyi2@cdbaby.com,5
1000013651,CC,Ike Creaser,icreaseri3@csmonitor.com,5
1000013652,CC,Sabrina Gliddon,sgliddoni4@accuweather.com,5
1000013653,CC,Calley Hillett,chilletti5@google.com.hk,5
1000013654,CC,Aubrette Reedick,areedicki6@amazon.com,5
1000013655,CC,Sallyanne Ickov,sickovi7@stanford.edu,5
1000013656,CC,Charley Lowton,clowtoni8@ted.com,5
1000013657,CC,Marylinda Laity,mlaityi9@behance.net,5
1000013658,CC,Ephrayim Newis,enewisia@slashdot.org,5
1000013659,CC,Clerc Lyver,clyverib@dailymotion.com,5
1000013660,CC,Ferris Oldall,foldallic@goo.gl,5
1000013661,CC,Leese Banasiak,lbanasiakid@guardian.co.uk,5
1000013662,CC,Hartley Neubigin,hneubiginie@biglobe.ne.jp,5
1000013663,CC,Collette Dunstone,cdunstoneif@yandex.ru,5
1000013664,CC,Joice Jahns,jjahnsig@people.com.cn,5
1000013665,CC,Halie Abrey,habreyih@so-net.ne.jp,5
1000013666,CC,Basia Daughtrey,bdaughtreyii@devhub.com,5
1000013667,CC,Ashley Kells,akellsij@go.com,5
1000013668,CC,Brigida Raffin,braffinik@dagondesign.com,5
1000013669,CC,Jsandye Mountney,jmountneyil@istockphoto.com,5
1000013670,CC,Neile Blakeston,nblakestonim@pen.io,5
1000013671,CC,Amalita Rikkard,arikkardin@hud.gov,5
1000013672,CC,Luci Cranton,lcrantonio@mit.edu,5
1000013673,CC,Sarene Wickman,swickmanip@weibo.com,5
1000013674,CC,Justina Siddon,jsiddoniq@github.io,5
1000013675,CC,Garrick Boswell,gboswellir@cam.ac.uk,5
1000013676,CC,Mari Barbery,mbarberyis@mediafire.com,5
1000013677,CC,Hale Breissan,hbreissanit@angelfire.com,5
1000013678,CC,Ximenez Aimer,xaimeriu@pagesperso-orange.fr,5
1000013679,CC,Debee Mitcheson,dmitchesoniv@prweb.com,5
1000013680,CC,Donalt Orteu,dorteuiw@illinois.edu,5
1000013681,CC,Marta Kindread,mkindreadix@istockphoto.com,5
1000013682,CC,Alicea Storms,astormsiy@salon.com,5
1000013683,CC,Franky Pretor,fpretoriz@flickr.com,5
1000013684,CC,Vernen Evered,veveredj0@wiley.com,5
1000013685,CC,Papagena Bickerdicke,pbickerdickej1@bbb.org,5
1000013686,CC,Annabal Roland,arolandj2@booking.com,5
1000013687,CC,Trueman Trembath,ttrembathj3@shareasale.com,5
1000013688,CC,Carena Geaney,cgeaneyj4@meetup.com,5
1000013689,CC,Drucill Hodcroft,dhodcroftj5@qq.com,5
1000013690,CC,Marielle Burbridge,mburbridgej6@meetup.com,5
1000013691,CC,Carroll Drover,cdroverj7@google.co.uk,5
1000013692,CC,Susann Bickerstaffe,sbickerstaffej8@merriam-webster.com,5
1000013693,CC,Kristofor Lavielle,klaviellej9@skyrock.com,5
1000013694,CC,Vida Vannini,vvanninija@nbcnews.com,5
1000013695,CC,Candy Iacovides,ciacovidesjb@biblegateway.com,5
1000013696,CC,Merrile Ralphs,mralphsjc@uiuc.edu,5
1000013697,CC,Josias Dulinty,jdulintyjd@mac.com,5
1000013698,CC,Lamar Braitling,lbraitlingje@tiny.cc,5
1000013699,CC,Elden Domenichelli,edomenichellijf@yale.edu,5
1000013700,CC,Sandi Crebbin,screbbinjg@blinklist.com,5
1000013701,CC,Lorry McFetridge,lmcfetridgejh@yellowbook.com,5
1000013702,CC,Aura Arunowicz,aarunowiczji@live.com,5
1000013703,CC,Gualterio Eate,geatejj@opensource.org,5
1000013704,CC,Nev Steabler,nsteablerjk@webeden.co.uk,5
1000013705,CC,Lani Burkin,lburkinjl@sfgate.com,5
1000013706,CC,Marti Beckitt,mbeckittjm@creativecommons.org,5
1000013707,CC,Zach Scarbarrow,zscarbarrowjn@yahoo.co.jp,5
1000013708,CC,Eartha McDougall,emcdougalljo@yellowpages.com,5
1000013709,CC,Wendye Henbury,whenburyjp@jugem.jp,5
1000013710,CC,Alphonse Robrose,arobrosejq@imageshack.us,5
1000013711,CC,Tami Pottage,tpottagejr@ycombinator.com,5
1000013712,CC,Hastie Possek,hpossekjs@ebay.com,5
1000013713,CC,Zandra Lambertini,zlambertinijt@e-recht24.de,5
1000013714,CC,Zorah Shelley,zshelleyju@deviantart.com,5
1000013715,CC,Alix Megany,ameganyjv@multiply.com,5
1000013716,CC,Jamill Krinks,jkrinksjw@noaa.gov,5
1000013717,CC,Cesar McQueen,cmcqueenjx@wisc.edu,5
1000013718,CC,Elsworth Phlipon,ephliponjy@goodreads.com,5
1000013719,CC,Babara Esparza,besparzajz@usda.gov,5
1000013720,CC,Otes Pedrielli,opedriellik0@meetup.com,5
1000013721,CC,Annamaria Stout,astoutk1@1688.com,5
1000013722,CC,Marylee Shorto,mshortok2@instagram.com,5
1000013723,CC,Pail Dradey,pdradeyk3@yellowpages.com,5
1000013724,CC,Keith Leeder,kleederk4@alexa.com,5
1000013725,CC,Valida Byne,vbynek5@zimbio.com,5
1000013726,CC,Nolan Kibbey,nkibbeyk6@flickr.com,5
1000013727,CC,Kimball Waller-Bridge,kwallerbridgek7@alexa.com,5
1000013728,CC,Purcell Linskill,plinskillk8@live.com,5
1000013729,CC,Toma Daouse,tdaousek9@mtv.com,5
1000013730,CC,Tonye Curnow,tcurnowka@odnoklassniki.ru,5
1000013731,CC,Edmund Dunsmore,edunsmorekb@fotki.com,5
1000013732,CC,Erinna Lavall,elavallkc@princeton.edu,5
1000013733,CC,Wendy Tiley,wtileykd@issuu.com,5
1000013734,CC,Christoph Sigfrid,csigfridke@ox.ac.uk,5
1000013735,CC,Kimberlee Kelly,kkellykf@answers.com,5
1000013736,CC,Thorvald Lalonde,tlalondekg@mlb.com,5
1000013737,CC,Emily Mulles,emulleskh@amazonaws.com,5
1000013738,CC,Florina Pietrusiak,fpietrusiakki@bloomberg.com,5
1000013739,CC,Alexander Drust,adrustkj@samsung.com,5
1000013740,CC,Genevieve Hargey,ghargeykk@addtoany.com,5
1000013741,CC,Allie Klossek,aklossekkl@istockphoto.com,5
1000013742,CC,Deni Garthland,dgarthlandkm@wired.com,5
1000013743,CC,Leontine Ferby,lferbykn@ucoz.com,5
1000013744,CC,Rubia Preuvost,rpreuvostko@apache.org,5
1000013745,CC,Wakefield Ralfe,wralfekp@squarespace.com,5
1000013746,CC,Briana McFadden,bmcfaddenkq@cbslocal.com,5
1000013747,CC,Alvis Orgee,aorgeekr@comsenz.com,5
1000013748,CC,Gussi Gerardeaux,ggerardeauxks@goodreads.com,5
1000013749,CC,Liz Rosenbusch,lrosenbuschkt@arizona.edu,5
1000013750,CC,Tabatha Stimpson,tstimpsonku@xinhuanet.com,5
1000013751,CC,Alberik Pealing,apealingkv@360.cn,5
1000013752,CC,Lambert Southgate,lsouthgatekw@bing.com,5
1000013753,CC,Joachim Tasseler,jtasselerkx@ustream.tv,5
1000013754,CC,Jacenta Dillon,jdillonky@about.com,5
1000013755,CC,Iain Attwood,iattwoodkz@squidoo.com,5
1000013756,CC,Stevana Blaydes,sblaydesl0@netvibes.com,5
1000013757,CC,Darsie Maisey,dmaiseyl1@fda.gov,5
1000013758,CC,Arnuad Kyrkeman,akyrkemanl2@liveinternet.ru,5
1000013759,CC,Shelbi Durston,sdurstonl3@cnet.com,5
1000013760,CC,Walt Edensor,wedensorl4@amazon.de,5
1000013761,CC,Elianore Causer,ecauserl5@wp.com,5
1000013762,CC,Valentin Gentiry,vgentiryl6@infoseek.co.jp,5
1000013763,CC,Dillie Sommerland,dsommerlandl7@51.la,5
1000013764,CC,Joelly Wadeson,jwadesonl8@alexa.com,5
1000013765,CC,Austina Peret,aperetl9@sciencedaily.com,5
1000013766,CC,Kahlil Campes,kcampesla@delicious.com,5
1000013767,CC,Adriana Vickers,avickerslb@gizmodo.com,5
1000013768,CC,Birgitta MacAnulty,bmacanultylc@google.it,5
1000013769,CC,Jeremy Leftbridge,jleftbridgeld@hao123.com,5
1000013770,CC,Ann-marie Abeau,aabeaule@discuz.net,5
1000013771,CC,Estelle Meineking,emeinekinglf@indiatimes.com,5
1000013772,CC,Purcell Ughetti,pughettilg@google.de,5
1000013773,CC,Joela Orrah,jorrahlh@vistaprint.com,5
1000013774,CC,Portia Leathers,pleathersli@weibo.com,5
1000013775,CC,Gail Garmston,ggarmstonlj@sbwire.com,5
1000013776,CC,Darci Iggo,diggolk@mtv.com,5
1000013777,CC,Lukas Cunney,lcunneyll@bizjournals.com,5
1000013778,CC,Stuart Ferbrache,sferbrachelm@meetup.com,5
1000013779,CC,Rriocard Noller,rnollerln@telegraph.co.uk,5
1000013780,CC,Gus Tremollet,gtremolletlo@yelp.com,5
1000013781,CC,Kipp Little,klittlelp@fotki.com,5
1000013782,CC,Karin Udy,kudylq@prlog.org,5
1000013783,CC,Anson Yitshak,ayitshaklr@bloglines.com,5
1000013784,CC,Gale Sewley,gsewleyls@tinypic.com,5
1000013785,CC,Ruthanne Chinery,rchinerylt@unc.edu,5
1000013786,CC,Yance Corrado,ycorradolu@oracle.com,5
1000013787,CC,Iris Manklow,imanklowlv@opera.com,5
1000013788,CC,Sabra Gariff,sgarifflw@jimdo.com,5
1000013789,CC,Janenna Eason,jeasonlx@nasa.gov,5
1000013790,CC,Leif McGow,lmcgowly@prweb.com,5
1000013791,CC,Eugenie Pues,epueslz@amazon.co.jp,5
1000013792,CC,Sharon Stiggles,sstigglesm0@fotki.com,5
1000013793,CC,Moises Bernardin,mbernardinm1@jigsy.com,5
1000013794,CC,Thorstein Hearne,thearnem2@boston.com,5
1000013795,CC,Florenza Bustard,fbustardm3@comsenz.com,5
1000013796,CC,Kendre Jurges,kjurgesm4@booking.com,5
1000013797,CC,Paolina Stirgess,pstirgessm5@tiny.cc,5
1000013798,CC,Eliza Attfield,eattfieldm6@dedecms.com,5
1000013799,CC,Eachelle Kimbell,ekimbellm7@google.pl,5
1000013800,CC,Kinnie Saladine,ksaladinem8@foxnews.com,5
1000013801,CC,Rosalinde Linbohm,rlinbohmm9@smh.com.au,5
1000013802,CC,Murdock Gavaghan,mgavaghanma@toplist.cz,5
1000013803,CC,Ansley Mapother,amapothermb@scientificamerican.com,5
1000013804,CC,Ainslee Broomhead,abroomheadmc@skype.com,5
1000013805,CC,Agnola Westphal,awestphalmd@bbc.co.uk,5
1000013806,CC,Kikelia Farbrace,kfarbraceme@i2i.jp,5
1000013807,CC,Estell Nower,enowermf@tinyurl.com,5
1000013808,CC,Hendrika Corse,hcorsemg@purevolume.com,5
1000013809,CC,Keslie Sahnow,ksahnowmh@slashdot.org,5
1000013810,CC,Garth Pinnocke,gpinnockemi@whitehouse.gov,5
1000013811,CC,Itch Behninck,ibehninckmj@google.de,5
1000013812,CC,Xylia Gibson,xgibsonmk@msn.com,5
1000013813,CC,Lucie Rubinovitch,lrubinovitchml@archive.org,5
1000013814,CC,Grantham Karolowski,gkarolowskimm@answers.com,5
1000013815,CC,Broddie Dedon,bdedonmn@list-manage.com,5
1000013816,CC,Patricio Hearty,pheartymo@tinyurl.com,5
1000013817,CC,Hasty Nannini,hnanninimp@rakuten.co.jp,5
1000013818,CC,Donella Leal,dlealmq@mayoclinic.com,5
1000013819,CC,Cirstoforo Hebborn,chebbornmr@uiuc.edu,5
1000013820,CC,Forester Slegg,fsleggms@nhs.uk,5
1000013821,CC,Rosina Fellos,rfellosmt@mozilla.com,5
1000013822,CC,Fergus Raddenbury,fraddenburymu@blog.com,5
1000013823,CC,Skyler Merrill,smerrillmv@facebook.com,5
1000013824,CC,Justine Nibloe,jnibloemw@1688.com,5
1000013825,CC,Steffi Keilloh,skeillohmx@salon.com,5
1000013826,CC,Modestia Stanett,mstanettmy@scribd.com,5
1000013827,CC,Perice Borrett,pborrettmz@angelfire.com,5
1000013828,CC,Hester Suddock,hsuddockn0@hibu.com,5
1000013829,CC,Myrna Itschakov,mitschakovn1@seattletimes.com,5
1000013830,CC,Kaila Clench,kclenchn2@wix.com,5
1000013831,CC,Natala Riolfi,nriolfin3@ezinearticles.com,5
1000013832,CC,Amie McLinden,amclindenn4@virginia.edu,5
1000013833,CC,Virginie Winterburn,vwinterburnn5@alexa.com,5
1000013834,CC,Alair Poytheras,apoytherasn6@globo.com,5
1000013835,CC,Garnet Phinn,gphinnn7@mit.edu,5
1000013836,CC,Lazarus Shailer,lshailern8@meetup.com,5
1000013837,CC,Cash Philipeaux,cphilipeauxn9@trellian.com,5
1000013838,CC,Ulrika Muscott,umuscottna@uol.com.br,5
1000013839,CC,Kerwinn Behr,kbehrnb@google.cn,5
1000013840,CC,Reuben Mingay,rmingaync@umich.edu,5
1000013841,CC,Mathew Bridgestock,mbridgestocknd@moonfruit.com,5
1000013842,CC,Brynn Langcaster,blangcasterne@reddit.com,5
1000013843,CC,Riley Adamowicz,radamowicznf@yolasite.com,5
1000013844,CC,Colver Craufurd,ccraufurdng@networkadvertising.org,5
1000013845,CC,Wade Scheffler,wschefflernh@desdev.cn,5
1000013846,CC,Wandis MacComiskey,wmaccomiskeyni@goodreads.com,5
1000013847,CC,Bertina Tressler,btresslernj@acquirethisname.com,5
1000013848,CC,Page Roxby,proxbynk@uiuc.edu,5
1000013849,CC,Annmarie Wederell,awederellnl@google.ru,5
1000013850,CC,Edeline Denisyuk,edenisyuknm@livejournal.com,5
1000013851,CC,Jenine Goodnow,jgoodnownn@51.la,5
1000013852,CC,Wells Ebbitt,webbittno@miibeian.gov.cn,5
1000013853,CC,Noellyn Haw,nhawnp@symantec.com,5
1000013854,CC,Lynsey Nehlsen,lnehlsennq@flavors.me,5
1000013855,CC,Bourke McLane,bmclanenr@scribd.com,5
1000013856,CC,Mariquilla Troke,mtrokens@mysql.com,5
1000013857,CC,Charlene McAuley,cmcauleynt@wiley.com,5
1000013858,CC,Cord Carlton,ccarltonnu@desdev.cn,5
1000013859,CC,Gertrud Kevane,gkevanenv@4shared.com,5
1000013860,CC,Curry Yancey,cyanceynw@tripod.com,5
1000013861,CC,Wrennie Shooter,wshooternx@arstechnica.com,5
1000013862,CC,Saunders Faulkes,sfaulkesny@umn.edu,5
1000013863,CC,Peggie Donnellan,pdonnellannz@macromedia.com,5
1000013864,CC,Alberik Saffrin,asaffrino0@comsenz.com,5
1000013865,CC,Yoshiko Goretti,ygorettio1@ihg.com,5
1000013866,CC,Annis Perett,aperetto2@hhs.gov,5
1000013867,CC,Arlen Fudger,afudgero3@aol.com,5
1000013868,CC,Mariel Feye,mfeyeo4@flickr.com,5
1000013869,CC,Katharine Whaley,kwhaleyo5@nbcnews.com,5
1000013870,CC,Dulciana Aleksahkin,daleksahkino6@nationalgeographic.com,5
1000013871,CC,Cymbre Quinton,cquintono7@elpais.com,5
1000013872,CC,Gian Belden,gbeldeno8@cbslocal.com,5
1000013873,CC,John Hollingsby,jhollingsbyo9@infoseek.co.jp,5
1000013874,CC,Elden Disbrey,edisbreyoa@alexa.com,5
1000013875,CC,Dame Skeeles,dskeelesob@dion.ne.jp,5
1000013876,CC,Viola Vennard,vvennardoc@newyorker.com,5
1000013877,CC,Lise Dohr,ldohrod@hugedomains.com,5
1000013878,CC,Sibeal Pascho,spaschooe@unc.edu,5
1000013879,CC,Ali Cisland,acislandof@usgs.gov,5
1000013880,CC,Randi Caddick,rcaddickog@ovh.net,5
1000013881,CC,Dickie Kruschev,dkruschevoh@taobao.com,5
1000013882,CC,Tracy Saldler,tsaldleroi@zimbio.com,5
1000013883,CC,Sherilyn Winspurr,swinspurroj@1und1.de,5
1000013884,CC,Abigail Rivenzon,arivenzonok@wordpress.com,5
1000013885,CC,Blondelle Antoniutti,bantoniuttiol@booking.com,5
1000013886,CC,Rhodia Kivelhan,rkivelhanom@wsj.com,5
1000013887,CC,Kittie Sterrick,ksterrickon@miibeian.gov.cn,5
1000013888,CC,Nero Paxeford,npaxefordoo@webmd.com,5
1000013889,CC,Nike Dinsdale,ndinsdaleop@smh.com.au,5
1000013890,CC,Fania Exelby,fexelbyoq@seattletimes.com,5
1000013891,CC,Jannelle Torricina,jtorricinaor@shinystat.com,5
1000013892,CC,Natty Pund,npundos@jalbum.net,5
1000013893,CC,Corrinne Westrip,cwestripot@ezinearticles.com,5
1000013894,CC,Ardyth Bagenal,abagenalou@blogger.com,5
1000013895,CC,Elnore McEvoy,emcevoyov@mlb.com,5
1000013896,CC,Emlen Bartolozzi,ebartolozziow@drupal.org,5
1000013897,CC,Zita Yendle,zyendleox@diigo.com,5
1000013898,CC,Denny Cansdall,dcansdalloy@nydailynews.com,5
1000013899,CC,Fidelity Smaleman,fsmalemanoz@fda.gov,5
1000013900,CC,Davine Creser,dcreserp0@nyu.edu,5
1000013901,CC,Jacqui Novic,jnovicp1@npr.org,5
1000013902,CC,Lorne Le Galle,llep2@ucsd.edu,5
1000013903,CC,Sharlene Barrs,sbarrsp3@merriam-webster.com,5
1000013904,CC,Wood Backshaw,wbackshawp4@alexa.com,5
1000013905,CC,Cissy Gaffey,cgaffeyp5@un.org,5
1000013906,CC,Thomasin Manthroppe,tmanthroppep6@jiathis.com,5
1000013907,CC,Blake O'Neal,bonealp7@cafepress.com,5
1000013908,CC,Uriah McCamish,umccamishp8@symantec.com,5
1000013909,CC,Helli Kewish,hkewishp9@netvibes.com,5
1000013910,CC,Any Darree,adarreepa@digg.com,5
1000013911,CC,Lewiss Ferreres,lferrerespb@cbsnews.com,5
1000013912,CC,Jeromy McGrale,jmcgralepc@blogspot.com,5
1000013913,CC,Jarib Letertre,jletertrepd@auda.org.au,5
1000013914,CC,Kamilah Adanet,kadanetpe@cmu.edu,5
1000013915,CC,Grata Hanson,ghansonpf@boston.com,5
1000013916,CC,Gabie Lacroix,glacroixpg@macromedia.com,5
1000013917,CC,Anne Brydone,abrydoneph@so-net.ne.jp,5
1000013918,CC,Adriane Erat,aeratpi@ifeng.com,5
1000013919,CC,Tana Corcut,tcorcutpj@apache.org,5
1000013920,CC,Abby Bleasdille,ableasdillepk@creativecommons.org,5
1000013921,CC,Joshuah Jefford,jjeffordpl@moonfruit.com,5
1000013922,CC,Maryanna Geekie,mgeekiepm@goo.ne.jp,5
1000013923,CC,Bartram Woloschinski,bwoloschinskipn@army.mil,5
1000013924,CC,Becca Streeten,bstreetenpo@wordpress.com,5
1000013925,CC,Nicky Radclyffe,nradclyffepp@dailymail.co.uk,5
1000013926,CC,Micheil Olrenshaw,molrenshawpq@xing.com,5
1000013927,CC,Alexandros Tanslie,atansliepr@eventbrite.com,5
1000013928,CC,Datha Miklem,dmiklemps@sina.com.cn,5
1000013929,CC,Germaine Braemer,gbraemerpt@army.mil,5
1000013930,CC,Marlene Billett,mbillettpu@jigsy.com,5
1000013931,CC,Harland Jeske,hjeskepv@hugedomains.com,5
1000013932,CC,Leroi Oiller,loillerpw@edublogs.org,5
1000013933,CC,Lucy Kitchingham,lkitchinghampx@parallels.com,5
1000013934,CC,Joey Gawkes,jgawkespy@rakuten.co.jp,5
1000013935,CC,Lorry Klimowski,lklimowskipz@bloglines.com,5
1000013936,CC,Georgiana Esslement,gesslementq0@accuweather.com,5
1000013937,CC,Eadie Nalder,enalderq1@indiegogo.com,5
1000013938,CC,Pen Lazonby,plazonbyq2@stumbleupon.com,5
1000013939,CC,Thibaut Busen,tbusenq3@blogspot.com,5
1000013940,CC,Heywood Lindwasser,hlindwasserq4@pen.io,5
1000013941,CC,Carlie Simonnet,csimonnetq5@alibaba.com,5
1000013942,CC,Adham Crighten,acrightenq6@hc360.com,5
1000013943,CC,Kettie Bevington,kbevingtonq7@stanford.edu,5
1000013944,CC,Xenia Stitcher,xstitcherq8@goodreads.com,5
1000013945,CC,Gardner Abrahamsohn,gabrahamsohnq9@msu.edu,5
1000013946,CC,Myrle Dessant,mdessantqa@drupal.org,5
1000013947,CC,Kendre Banner,kbannerqb@aboutads.info,5
1000013948,CC,Verine Bavage,vbavageqc@abc.net.au,5
1000013949,CC,Lib Lescop,llescopqd@google.com.br,5
1000013950,CC,Cordie Jupe,cjupeqe@tinypic.com,5
1000013951,CC,Spike Torrisi,storrisiqf@gov.uk,5
1000013952,CC,Eimile Avey,eaveyqg@1und1.de,5
1000013953,CC,Christabel Luby,clubyqh@chron.com,5
1000013954,CC,Ed Morritt,emorrittqi@skype.com,5
1000013955,CC,Gamaliel Calfe,gcalfeqj@skyrock.com,5
1000013956,CC,Aharon Remon,aremonqk@networksolutions.com,5
1000013957,CC,Jerrold Ciccottini,jciccottiniql@simplemachines.org,5
1000013958,CC,Broddy Piletic,bpileticqm@prlog.org,5
1000013959,CC,Gordan McDougald,gmcdougaldqn@unc.edu,5
1000013960,CC,Cherie Roe,croeqo@reference.com,5
1000013961,CC,Annmarie Laughton,alaughtonqp@yandex.ru,5
1000013962,CC,Paulette Axup,paxupqq@acquirethisname.com,5
1000013963,CC,Alia Syphas,asyphasqr@howstuffworks.com,5
1000013964,CC,Karylin Guihen,kguihenqs@psu.edu,5
1000013965,CC,Link Lowdiane,llowdianeqt@arstechnica.com,5
1000013966,CC,Francesca Lawfull,flawfullqu@squidoo.com,5
1000013967,CC,Shalne Syme,ssymeqv@ucoz.ru,5
1000013968,CC,Bernardina Mielnik,bmielnikqw@instagram.com,5
1000013969,CC,Hadlee Apperley,happerleyqx@google.co.uk,5
1000013970,CC,Daryl Smillie,dsmillieqy@rakuten.co.jp,5
1000013971,CC,Talbot Olenchenko,tolenchenkoqz@goo.ne.jp,5
1000013972,CC,Elizabeth Mapples,emapplesr0@squarespace.com,5
1000013973,CC,Corena Aykroyd,caykroydr1@parallels.com,5
1000013974,CC,Brion Grewer,bgrewerr2@gmpg.org,5
1000013975,CC,Artus Rosel,aroselr3@photobucket.com,5
1000013976,CC,Saree Cashford,scashfordr4@gravatar.com,5
1000013977,CC,Sarajane Monksfield,smonksfieldr5@nydailynews.com,5
1000013978,CC,Noelle Hulburd,nhulburdr6@telegraph.co.uk,5
1000013979,CC,Aluino Barta,abartar7@bluehost.com,5
1000013980,CC,Land Babington,lbabingtonr8@squarespace.com,5
1000013981,CC,Lillian Radenhurst,lradenhurstr9@cisco.com,5
1000013982,CC,Randie Dowthwaite,rdowthwaitera@topsy.com,5
1000013983,CC,Clair Chantler,cchantlerrb@macromedia.com,5
1000013984,CC,Karyn Snowman,ksnowmanrc@dagondesign.com,5
1000013985,CC,Creigh Pietri,cpietrird@ifeng.com,5
1000013986,CC,Ingeborg Murphy,imurphyre@dell.com,5
1000013987,CC,Henrie Maliphant,hmaliphantrf@nymag.com,5
1000013988,CC,Juanita McNevin,jmcnevinrg@mapy.cz,5
1000013989,CC,Rickey Dinneen,rdinneenrh@cmu.edu,5
1000013990,CC,Annmaria Kingman,akingmanri@economist.com,5
1000013991,CC,Eric De Freyne,ederj@paypal.com,5
1000013992,CC,Rosmunda Leopold,rleopoldrk@studiopress.com,5
1000013993,CC,Carolina Stallen,cstallenrl@example.com,5
1000013994,CC,Silvia Normington,snormingtonrm@taobao.com,5
1000013995,CC,Saunder Arling,sarlingrn@1und1.de,5
1000013996,CC,Grete Castagneri,gcastagneriro@freewebs.com,5
1000013997,CC,Jillana Hardwin,jhardwinrp@soup.io,5
1000013998,CC,Rhona Tointon,rtointonrq@salon.com,5
1000013999,CC,Delmar Burrel,dburrelrr@omniture.com,5
